x;expected
0.0;NaN
-1.0;NaN
0.1;-2.302585092994046
0.25;-1.3862943611198906
0.5;-0.6931471805599453
1.0;0.0
1.5;0.4054651081081644
2.0;0.6931471805599453
3.0;1.0986122886681098
10.0;2.302585092994046
