x;expected
0.1;-2.302585092994046
0.5;-0.6931471805599453
1.0;0.0
1.5;0.4054651081081644
2.0;0.6931471805599453
3.0;1.0986122886681098
0.0;NaN
10.0;2.302585092994046
-1.0;NaN
1.23456789;0.2107209817397213
0.987654321;-0.01242236023594774
0.000000001;-6.5686839786032944
1000000000.0;6.568683978603321
-1000000000.0;NaN
